STATE/UT,YEAR,JANUARY,FEBRUARY,MARCH,APRIL,MAY,JUNE,JULY,AUGUST,SEPTEMBER,OCTOBER,NOVEMBER,DECEMBER,TOTAL,0-3 hrs. (Night),3-6 hrs. (Night),6-9 hrs (Day),9-12 hrs (Day),12-15 hrs (Day),15-18 hrs (Day),18-21 hrs (Night),21-24 hrs (Night)
A & N Islands,2001,8,23,15,15,14,19,14,19,7,12,13,22,181,2,6,29,40,39,40,18,7
A & N Islands,2002,12,10,14,16,10,7,16,11,23,21,11,17,168,2,6,22,41,33,33,23,8
A & N Islands,2003,19,13,15,13,13,12,8,16,17,25,14,15,180,2,8,31,35,28,36,25,15
A & N Islands,2004,21,14,22,17,13,18,16,19,16,20,15,24,215,2,5,29,42,43,43,37,14
A & N Islands,2005,19,21,22,17,13,19,21,14,15,19,10,16,206,0,8,27,28,38,42,50,13
A & N Islands,2006,21,13,4,22,9,14,12,14,8,14,6,18,155,1,3,17,33,33,23,38,7
A & N Islands,2007,17,16,12,22,12,14,8,10,11,7,11,12,152,2,5,20,30,30,27,31,7
A & N Islands,2008,17,22,15,16,15,17,13,11,13,17,11,24,191,3,7,33,24,40,31,40,13
A & N Islands,2009,16,23,23,21,21,19,24,25,31,22,20,26,271,2,6,35,41,64,54,50,19
A & N Islands,2010,16,30,28,15,29,24,22,18,25,30,27,21,285,2,10,36,45,64,57,53,18
A & N Islands,2011,24,10,19,24,13,28,17,18,25,17,18,22,235,4,3,36,27,46,50,51,18
A & N Islands,2012,25,15,24,24,18,16,17,18,18,25,17,19,236,4,6,26,29,54,45,58,14
A & N Islands,2013,24,23,16,15,13,16,14,25,14,15,14,11,200,2,3,22,31,40,40,37,25
A & N Islands,2014,25,13,19,19,18,15,15,16,15,23,18,22,218,4,6,25,28,55,36,41,23
Andhra Pradesh,2001,2204,2437,2405,2351,2550,2284,2025,2077,2070,2276,2122,2387,27188,2239,3265,3198,3729,3604,3792,4098,3263
Andhra Pradesh,2002,2492,2453,2835,2786,3195,2880,2645,2607,2555,2624,2646,2859,32577,2931,3857,3671,4255,4153,4778,4844,4088
Andhra Pradesh,2003,2783,2569,2870,2635,3265,2924,2657,2934,2767,2881,3037,3215,34537,3158,4865,3749,4319,4266,4853,5218,4109
Andhra Pradesh,2004,3019,3131,3211,3100,3257,2942,2827,3079,2972,3041,3129,3370,37078,3191,4770,4598,5030,4033,4971,6031,4454
Andhra Pradesh,2005,3189,3193,3182,3056,3612,3247,2907,3028,2742,2928,2975,3230,37289,3826,6011,5002,4137,4261,4524,5096,4432
Andhra Pradesh,2006,3568,3224,3496,3634,3962,3400,3334,3311,3232,3306,3268,3588,41323,3635,5525,4270,5108,4918,6101,6757,5009
Andhra Pradesh,2007,3978,3530,3728,3842,4099,3594,3519,3348,3246,3447,3617,3646,43594,4054,4890,4748,5826,5547,6236,6719,5574
Andhra Pradesh,2008,3594,3468,3848,3967,3811,3391,3260,3324,3169,3352,3319,3603,42106,4051,4492,4532,5558,5620,6045,6453,5355
Andhra Pradesh,2009,3682,3494,3775,3450,4048,3763,3412,3488,3017,3253,3298,3331,42011,3718,4433,4569,5332,5320,6154,6302,6183
Andhra Pradesh,2010,3515,3434,3749,3857,3960,3765,3206,3416,3115,3439,3397,3575,42428,3822,5347,5553,5438,5176,5548,6363,5181
Andhra Pradesh,2011,3540,3195,3584,3396,3916,3793,3237,3106,3067,3398,3442,3392,41066,3577,4958,4494,5897,5420,5716,6418,4586
Andhra Pradesh,2012,3347,3390,3693,3589,3250,3187,3160,3177,2893,3205,2985,3468,39344,3026,3795,4413,5413,4978,5616,6877,5226
Andhra Pradesh,2013,3732,3482,3715,3648,4531,3736,3018,3465,3450,3137,3432,3702,43048,3742,4679,4857,5539,5430,6171,7269,5361
Andhra Pradesh,2014,3809,3657,3641,3582,3986,3664,3167,3587,3225,3410,3346,4158,43232,3336,4466,4312,5631,5882,6669,7177,5759
Arunachal Pradesh,2001,19,17,21,16,19,14,21,14,23,17,30,25,236,9,24,21,46,31,45,36,24
Arunachal Pradesh,2002,25,16,21,23,16,19,11,17,18,21,25,23,235,8,22,32,46,40,36,38,13
Arunachal Pradesh,2003,16,24,22,13,18,17,19,21,23,18,16,22,229,9,21,29,47,36,37,36,14
Arunachal Pradesh,2004,23,24,23,11,15,11,14,8,21,29,17,21,217,6,9,32,47,39,45,30,9
Arunachal Pradesh,2005,26,14,29,12,17,20,20,14,19,21,24,21,237,5,12,29,46,44,49,38,14
Arunachal Pradesh,2006,14,20,17,19,20,31,11,25,18,25,21,22,243,16,19,32,44,40,43,33,16
Arunachal Pradesh,2007,22,20,26,19,25,19,14,15,22,18,11,19,230,20,23,24,40,37,45,25,16
Arunachal Pradesh,2008,20,21,18,16,33,24,13,18,27,20,24,27,261,21,15,17,44,58,50,41,15
Arunachal Pradesh,2009,20,21,18,16,33,24,13,18,27,20,24,27,261,21,15,17,44,58,50,41,15
Arunachal Pradesh,2010,31,33,20,26,28,23,14,15,18,20,23,29,280,8,16,38,48,50,68,35,17
Arunachal Pradesh,2011,22,24,30,22,29,9,28,22,16,25,15,21,263,12,12,36,46,52,55,39,11
Arunachal Pradesh,2012,17,21,24,16,11,13,20,18,14,16,20,14,204,4,17,22,41,34,51,23,12
Arunachal Pradesh,2013,23,33,16,23,25,27,27,28,24,25,29,28,308,4,16,27,56,61,76,51,17
Arunachal Pradesh,2014,28,10,10,21,9,12,13,14,14,15,22,17,185,6,5,13,24,26,45,36,30
Assam,2001,141,127,202,173,176,137,140,160,132,140,132,146,1806,133,150,259,346,300,285,234,99
Assam,2002,196,210,185,159,182,163,144,237,180,180,222,185,2243,167,240,322,411,335,339,272,157
Assam,2003,194,143,193,180,169,180,162,167,205,188,180,184,2145,129,219,295,434,330,364,247,127
Assam,2004,183,172,170,160,176,168,118,170,157,167,182,179,2002,101,170,287,457,340,339,204,104
Assam,2005,307,334,317,287,306,308,297,354,286,311,287,262,3656,172,282,584,731,664,668,365,190
Assam,2006,297,333,365,318,363,352,370,289,335,325,378,355,4080,159,275,679,916,753,799,313,186
Assam,2007,383,358,392,395,375,331,299,305,296,308,275,278,3995,195,230,690,941,752,610,362,215
Assam,2008,375,381,399,363,339,326,371,370,344,308,346,340,4262,220,259,777,915,747,780,369,195
Assam,2009,388,385,400,377,394,376,393,331,387,405,367,382,4585,165,218,667,1039,912,961,437,186
Assam,2010,418,450,496,452,396,416,455,454,504,525,451,468,5485,231,255,898,1313,972,1058,480,278
Assam,2011,554,545,607,515,518,557,502,515,532,551,590,583,6569,275,216,1110,1494,1166,1118,762,428
Assam,2012,590,599,605,601,567,536,486,458,418,544,543,588,6535,176,206,955,1357,1260,1219,905,457
Assam,2013,634,555,603,632,595,580,535,552,601,697,635,592,7211,181,283,1078,1501,1356,1315,942,555
Assam,2014,658,615,689,612,566,531,573,528,460,670,638,604,7144,212,277,939,1475,1225,1438,1023,555
Bihar,2001,325,361,474,336,528,417,329,336,317,289,317,305,4334,344,541,618,690,552,625,503,461
Bihar,2002,380,366,401,391,560,477,362,303,227,290,326,289,4372,297,395,710,777,718,637,495,343
Bihar,2003,337,340,368,359,440,429,326,241,255,263,258,286,3902,374,423,531,664,580,567,477,286
Bihar,2004,296,349,407,308,413,392,253,258,320,290,297,307,3890,286,494,466,638,689,537,436,344
Bihar,2005,262,254,354,340,463,381,310,263,241,255,301,322,3746,233,435,643,632,644,540,419,200
Bihar,2006,306,348,395,389,439,386,363,341,320,381,380,334,4382,263,524,661,745,709,610,500,370
Bihar,2007,443,464,505,518,635,551,438,375,347,427,484,444,5631,356,739,868,866,838,918,664,382
Bihar,2008,447,485,612,583,621,529,441,465,422,487,591,497,6180,361,907,928,1006,845,1002,702,429
Bihar,2009,543,706,754,595,925,911,712,592,574,634,699,721,8366,703,1052,1232,1215,1007,1335,1126,696
Bihar,2010,610,698,722,650,833,1034,723,689,546,606,665,665,8441,720,923,1037,1267,1210,1288,1168,828
Bihar,2011,750,808,964,737,964,880,769,644,618,759,773,689,9355,690,903,1167,1512,1511,1492,1240,840
Bihar,2012,799,905,915,1027,909,1003,822,787,728,763,837,825,10320,666,763,1733,1725,1653,1569,1269,942
Bihar,2013,800,792,815,813,1269,913,882,758,735,765,845,811,10198,640,1622,1555,1500,1369,1455,1337,720
Bihar,2014,777,742,852,714,985,1002,757,662,685,720,829,806,9531,672,987,1429,1429,1460,1421,1262,871
Chandigarh,2001,48,25,34,47,48,46,34,31,53,37,38,52,493,15,10,41,81,81,90,94,81
Chandigarh,2002,33,42,47,42,39,34,45,46,39,38,41,48,494,40,49,54,63,68,74,89,57
Chandigarh,2003,43,35,38,40,36,32,29,36,39,43,41,31,443,17,10,35,54,63,85,111,68
Chandigarh,2004,27,36,40,23,36,26,29,34,40,37,45,38,411,20,4,27,65,80,72,72,71
Chandigarh,2005,46,38,32,27,43,44,41,50,56,52,55,44,528,23,15,30,70,88,95,117,90
Chandigarh,2006,52,42,43,42,51,42,31,43,45,46,34,50,521,28,8,35,58,93,83,114,102
Chandigarh,2007,36,39,50,39,48,35,45,48,55,60,48,33,536,29,9,39,77,80,75,122,105
Chandigarh,2008,38,34,46,45,42,39,38,46,36,42,34,37,477,27,15,35,50,76,68,108,98
Chandigarh,2009,35,32,41,25,26,29,37,35,50,38,40,36,424,29,15,43,54,56,53,91,83
Chandigarh,2010,31,39,40,35,31,33,31,30,36,54,44,52,456,17,19,45,62,57,78,94,84
Chandigarh,2011,27,46,40,37,49,35,35,27,26,45,24,50,441,33,47,27,52,47,38,109,88
Chandigarh,2012,34,41,29,40,26,30,36,43,30,35,35,33,412,22,7,36,49,60,62,94,82
Chandigarh,2013,36,27,38,43,40,34,38,31,30,31,37,24,409,41,16,26,40,59,65,87,75
Chandigarh,2014,35,22,31,40,32,25,22,32,38,31,28,30,366,32,29,42,51,41,56,66,49
Chhattisgarh,2001,428,385,403,448,504,425,367,371,400,425,393,438,4987,279,353,632,1026,762,859,684,392
Chhattisgarh,2002,477,439,522,511,584,468,434,444,448,515,453,506,5801,384,528,847,813,892,927,794,616
Chhattisgarh,2003,649,565,589,647,629,613,586,524,501,595,543,582,7023,611,732,859,1099,959,929,938,896
Chhattisgarh,2004,553,532,534,586,592,501,409,437,439,532,483,477,6075,359,431,719,1165,868,910,818,805
Chhattisgarh,2005,472,513,537,513,566,530,558,421,435,496,483,472,5996,445,712,782,1016,920,805,716,600
Chhattisgarh,2006,624,611,607,631,710,598,534,534,507,575,607,573,7111,531,570,918,1229,1197,1069,958,639
Chhattisgarh,2007,787,632,638,729,701,630,619,544,642,660,599,656,7837,498,846,1081,1230,1210,1173,990,809
Chhattisgarh,2008,773,712,746,859,848,704,659,589,706,783,655,735,8769,594,957,1199,1452,1414,1141,1133,879
Chhattisgarh,2009,721,689,643,689,710,670,639,595,617,642,659,639,7913,414,692,998,1408,1219,1165,1193,824
Chhattisgarh,2010,670,627,671,652,705,612,655,606,605,684,655,660,7802,579,756,1007,1417,1254,1095,1034,660
Chhattisgarh,2011,868,795,804,725,903,793,747,660,636,770,723,771,9195,572,814,1275,1514,1493,1385,1293,849
Chhattisgarh,2012,1253,1161,1175,1188,1182,1121,1103,990,1016,1107,1084,1131,13511,1159,1415,1708,1885,1936,1886,1995,1527
Chhattisgarh,2013,1384,1269,1288,1139,1209,1131,1025,1029,1005,1042,1046,1090,13657,1261,1477,1691,1863,1889,2035,1993,1448
Chhattisgarh,2014,1167,1110,1000,1020,1149,1051,934,877,910,1005,973,944,12140,648,849,1469,1916,1702,2102,2072,1382
D & N Haveli,2001,6,11,6,8,9,7,4,7,9,8,5,7,87,3,0,13,13,13,17,20,8
D & N Haveli,2002,10,6,3,5,12,9,6,5,6,3,9,6,80,1,2,11,11,7,17,19,12
D & N Haveli,2003,6,10,6,4,8,5,1,6,4,8,8,7,73,4,2,4,12,10,12,17,12
D & N Haveli,2004,6,10,12,11,10,8,7,5,11,14,5,12,111,7,8,7,15,19,22,22,11
D & N Haveli,2005,13,13,9,3,10,16,12,11,5,10,10,15,127,6,3,14,20,17,24,32,11
D & N Haveli,2006,9,5,13,8,5,8,9,6,10,7,9,14,103,2,6,8,10,17,18,28,14
D & N Haveli,2007,12,7,14,6,7,10,8,14,14,13,0,11,116,9,1,10,13,16,17,29,21
D & N Haveli,2008,10,15,12,8,14,8,8,9,5,7,9,11,116,2,2,7,17,15,20,30,23
D & N Haveli,2009,6,5,2,3,4,4,3,3,0,4,6,5,45,1,0,5,6,3,6,14,10
D & N Haveli,2010,9,10,4,7,5,7,10,4,2,6,7,8,79,2,0,11,8,11,13,21,13
D & N Haveli,2011,12,7,6,8,9,10,6,7,8,10,7,13,103,4,2,8,10,13,20,32,14
D & N Haveli,2012,7,11,15,7,5,7,4,5,9,7,2,6,85,3,1,9,9,11,18,21,13
D & N Haveli,2013,11,5,11,8,5,7,6,8,8,9,5,8,91,3,2,7,12,20,19,19,9
D&N Haveli,2014,6,7,7,10,9,4,8,7,7,8,8,6,87,1,1,8,7,13,22,27,8
Daman & Diu,2001,2,1,4,2,3,5,3,3,4,3,4,1,35,0,2,2,6,9,9,5,2
Daman & Diu,2002,5,3,8,6,4,4,10,1,5,5,5,12,68,7,6,7,8,7,10,13,10
Daman & Diu,2003,6,8,5,4,3,5,16,4,4,7,4,6,72,4,0,3,5,10,15,17,18
Daman & Diu,2004,8,2,2,2,3,6,5,3,2,3,8,3,47,5,0,4,7,6,9,10,6
Daman & Diu,2005,5,6,4,6,5,4,0,5,3,4,7,8,57,4,0,1,10,9,11,12,10
Daman & Diu,2006,6,7,4,9,9,2,4,3,2,5,5,1,57,3,1,5,7,10,12,7,12
Daman & Diu,2007,8,4,4,7,5,4,5,7,3,4,6,3,60,7,0,1,2,14,10,17,9
Daman & Diu,2008,3,2,9,9,3,1,2,2,3,5,7,4,50,4,1,3,6,6,9,11,10
Daman & Diu,2009,2,2,2,2,1,2,2,1,1,1,2,3,21,1,0,3,2,5,5,4,1
Daman & Diu,2010,6,2,0,2,4,4,2,2,4,1,3,6,36,1,1,1,4,5,8,8,8
Daman & Diu,2011,2,2,2,1,1,1,1,2,2,2,2,3,21,2,0,2,4,7,3,2,1
Daman & Diu,2012,7,3,5,5,3,4,5,1,2,1,7,7,50,1,1,4,4,9,11,13,7
Daman & Diu,2013,6,2,2,4,1,4,1,1,5,2,2,0,30,3,0,1,4,4,7,5,6
Daman & Diu,2014,6,4,3,3,2,2,0,5,1,5,2,6,39,3,0,4,6,5,7,12,2
Delhi (Ut),2001,707,681,786,762,810,779,763,811,780,821,798,784,9282,998,762,1102,1176,1140,1189,1393,1522
Delhi (Ut),2002,695,710,847,698,702,665,768,801,706,724,669,725,8710,788,527,931,1132,1148,1200,1491,1493
Delhi (Ut),2003,638,645,689,714,719,747,785,803,791,859,778,701,8869,764,565,906,1091,1151,1248,1507,1637
Delhi (Ut),2004,730,746,755,719,747,766,727,793,761,778,843,745,9110,836,709,817,1189,1230,1206,1617,1506
Delhi (Ut),2005,777,722,850,698,815,773,806,900,831,780,835,793,9580,825,640,988,1250,1264,1387,1708,1518
Delhi (Ut),2006,718,726,868,779,796,754,846,863,804,832,865,848,9699,964,743,946,1270,1207,1328,1592,1649
Delhi (Ut),2007,818,809,839,786,752,757,834,768,833,1196,921,1215,10528,1183,902,1087,1296,1250,1434,1818,1558
Delhi (Ut),2008,698,696,780,747,713,691,731,721,707,704,671,707,8566,839,730,865,1003,1138,1255,1373,1363
Delhi (Ut),2009,607,632,644,646,657,565,610,707,609,639,642,656,7614,644,574,886,944,1069,1066,1306,1125
Delhi (Ut),2010,559,574,616,569,639,545,640,600,574,614,652,638,7220,597,502,778,905,928,998,1234,1278
Delhi (Ut),2011,562,619,631,575,606,570,633,637,589,685,593,580,7280,607,535,794,936,963,1087,1100,1258
Delhi (Ut),2012,540,544,570,556,554,556,571,554,658,603,625,606,6937,638,509,648,872,920,1039,1131,1180
Delhi (Ut),2013,590,553,613,589,635,612,644,593,622,687,703,728,7569,764,662,718,828,896,981,1341,1379
Delhi Ut,2014,643,698,801,632,661,658,624,744,742,687,720,700,8310,757,581,867,925,909,1208,1502,1561
Goa,2001,124,115,111,108,131,95,95,101,108,117,122,148,1375,52,33,152,248,233,299,229,129
Goa,2002,99,100,95,113,105,74,65,95,102,113,121,119,1201,57,44,147,204,173,209,239,128
Goa,2003,173,151,151,121,166,113,99,121,116,146,166,155,1678,81,38,144,284,306,345,323,157
Goa,2004,148,127,122,130,143,104,104,120,121,120,139,164,1542,74,33,161,220,274,263,248,269
Goa,2005,93,75,88,100,100,80,64,81,79,84,110,115,1069,56,38,110,165,187,208,191,114
Goa,2006,341,323,314,300,408,268,263,272,291,303,307,359,3749,200,138,335,559,702,712,692,411
Goa,2007,365,362,332,375,392,299,245,274,335,320,353,370,4022,212,117,407,599,719,798,755,415
Goa,2008,396,350,384,354,400,309,276,326,305,340,339,400,4179,194,139,378,618,772,828,760,490
Goa,2009,389,351,370,327,370,306,279,302,324,323,371,458,4170,200,132,410,635,740,837,756,460
Goa,2010,472,411,392,393,422,307,294,346,334,381,388,434,4574,195,164,443,736,848,873,876,439
Goa,2011,486,400,370,369,421,353,307,331,312,373,395,444,4561,261,178,431,749,783,901,812,446
Goa,2012,428,317,343,332,393,328,309,357,346,339,391,405,4288,208,155,424,666,807,799,775,454
Goa,2013,418,372,380,336,361,300,291,327,376,346,376,410,4293,226,175,374,703,785,819,753,458
Goa,2014,433,359,349,349,367,354,322,324,285,312,354,422,4230,189,173,371,712,752,791,785,457
Gujarat,2001,1657,1600,1791,1744,1935,1566,1420,1533,1448,1602,1769,1743,19808,1267,1338,2316,3263,3119,3163,3161,2181
Gujarat,2002,1652,1529,1186,1446,1840,1723,1498,1515,1434,1616,1644,1657,18740,1106,1120,2239,3150,2968,3030,2985,2142
Gujarat,2003,1616,1457,1456,1395,1780,1499,1276,1439,1404,1620,1501,1659,18102,1070,1238,2170,3094,2733,2881,2998,1918
Gujarat,2004,1669,1580,1601,1606,1771,1493,1357,1119,1471,1476,1673,1662,18478,1152,1339,2109,2895,2856,3079,2994,2054
Gujarat,2005,1586,1575,1625,1583,1928,1559,1321,1342,1292,1477,1661,1592,18541,1428,1324,2091,2860,2917,2846,2928,2147
Gujarat,2006,1706,1557,1721,1703,1950,1512,1323,1172,1423,1575,1578,1724,18944,1277,1533,2216,2837,2968,2960,3029,2124
Gujarat,2007,1898,1743,1918,1959,2169,1806,1509,1505,1613,1732,1867,1714,21433,1468,2013,2503,3085,3009,3419,3319,2617
Gujarat,2008,1843,1878,1943,1969,2091,1782,1562,1461,1471,1722,1605,1700,21027,1432,1631,2535,3263,3169,3323,3449,2225
Gujarat,2009,1742,1603,1743,1628,1937,1640,1339,1594,1613,1752,1674,1836,20101,1239,1640,2545,3110,2918,3282,3255,2112
Gujarat,2010,1892,1716,1803,1717,2042,1730,1469,1310,1391,1639,1860,1929,20498,1348,1670,2507,3232,2968,3267,3341,2165
Gujarat,2011,2626,2601,2629,2447,3056,2558,2346,2212,2169,2617,2524,2414,30199,1962,2282,3571,4941,4595,4751,4767,3330
Gujarat,2012,2549,2483,2370,2400,2486,2313,2098,2076,1948,2153,2294,2097,27267,2085,2603,3286,4190,3802,4045,4403,2853
Gujarat,2013,2357,2189,2266,2189,2405,2142,1788,1821,1848,1931,2051,2048,25035,1747,2023,2910,3836,3681,4003,4134,2701
Gujarat,2014,2023,1978,2039,1846,2127,1988,1673,1633,1506,1817,1678,1844,22152,1232,1541,2496,3595,3328,3735,3791,2434
Haryana,2001,481,506,517,543,543,520,540,509,540,542,571,561,6373,407,625,1003,1015,894,882,832,715
Haryana,2002,513,524,595,593,583,641,586,596,559,657,615,625,7087,615,740,1070,1004,877,992,1006,783
Haryana,2003,468,512,534,528,581,480,545,493,542,568,662,511,6424,709,910,793,888,823,837,826,638
Haryana,2004,591,657,658,629,633,673,669,659,655,685,692,707,7908,845,1014,1042,1069,998,989,1070,881
Haryana,2005,626,514,604,598,692,634,664,682,565,704,703,696,7682,760,859,1020,962,898,1065,1165,953
Haryana,2006,792,736,854,855,876,858,823,861,847,939,878,943,10262,1155,1112,1277,1191,1114,1317,1760,1336
Haryana,2007,825,780,839,839,881,871,859,909,873,904,834,902,10316,1080,1033,1313,1312,1267,1407,1767,1137
Haryana,2008,911,869,1001,998,951,847,899,909,910,1052,939,955,11241,1089,1236,1367,1374,1380,1622,1911,1262
Haryana,2009,808,963,982,928,973,977,931,929,875,966,1080,1015,11427,860,1184,1488,1580,1526,1670,1870,1249
Haryana,2010,883,897,1035,936,932,933,892,925,816,998,939,975,11161,799,1105,1617,1517,1481,1715,1756,1171
Haryana,2011,830,896,891,818,899,869,842,829,874,978,911,916,10553,685,1049,1319,1302,1364,1720,1811,1303
Haryana,2012,759,819,865,841,841,791,799,791,761,862,870,972,9971,578,941,1263,1268,1350,1613,1802,1156
Haryana,2013,819,711,891,861,920,799,888,784,847,959,1025,969,10473,651,957,1423,1485,1474,1546,1714,1223
Haryana,2014,892,881,963,911,939,906,955,916,871,891,962,956,11043,726,868,1459,1646,1493,1740,1887,1224
Himachal Pradesh,2001,137,131,164,156,184,207,201,167,195,227,176,165,2110,75,145,207,271,252,362,446,352
Himachal Pradesh,2002,135,138,183,176,230,241,216,220,189,176,184,193,2281,81,124,267,352,255,345,497,360
Himachal Pradesh,2003,149,145,159,160,205,207,259,239,234,189,217,196,2359,87,85,320,484,334,377,402,270
Himachal Pradesh,2004,173,183,191,207,225,231,226,208,239,230,214,188,2515,135,141,323,451,358,453,357,297
Himachal Pradesh,2005,162,143,185,166,213,241,203,261,214,218,215,180,2401,123,88,268,395,397,396,444,290
Himachal Pradesh,2006,161,161,215,229,240,209,203,193,199,224,183,199,2416,112,120,314,495,444,425,307,199
Himachal Pradesh,2007,181,167,183,207,222,227,246,220,256,256,222,195,2582,120,151,273,309,436,443,513,337
Himachal Pradesh,2008,166,132,135,179,151,174,178,166,157,210,169,165,1982,103,106,219,255,297,414,382,206
Himachal Pradesh,2009,213,252,233,236,283,299,285,257,250,272,263,235,3078,135,153,322,366,500,653,566,383
Himachal Pradesh,2010,216,205,239,253,278,310,275,257,256,246,297,245,3077,153,192,372,360,396,633,626,345
Himachal Pradesh,2011,222,215,261,245,269,283,267,249,253,272,281,282,3099,100,124,353,465,472,693,577,315
Himachal Pradesh,2012,214,191,256,243,254,274,236,270,233,219,292,217,2899,114,128,332,459,434,539,558,335
Himachal Pradesh,2013,209,202,216,254,266,234,263,235,276,273,276,277,2981,100,116,353,502,489,547,548,326
Himachal Pradesh,2014,246,191,260,234,289,295,292,329,272,302,313,302,3325,199,183,418,517,517,603,558,330
Jammu & Kashmir,2001,362,485,392,372,483,448,429,410,405,423,394,408,5011,337,352,658,1099,1062,864,386,253
Jammu & Kashmir,2002,336,363,427,462,452,500,544,496,425,495,453,420,5373,154,180,582,1293,1118,1001,641,404
Jammu & Kashmir,2003,401,380,423,468,535,550,635,551,509,498,517,421,5888,298,304,639,1038,1292,1177,795,345
Jammu & Kashmir,2004,439,463,509,503,489,588,657,559,512,531,526,505,6281,333,239,958,1677,1441,966,501,166
Jammu & Kashmir,2005,444,291,384,412,484,573,559,499,525,518,508,472,5669,188,396,811,1233,1057,1173,532,279
Jammu & Kashmir,2006,332,387,467,474,516,520,541,501,448,495,455,473,5609,350,235,541,1110,1061,1116,728,468
Jammu & Kashmir,2007,447,409,466,485,505,573,537,527,505,508,461,451,5874,326,418,697,1049,1099,982,842,461
Jammu & Kashmir,2008,404,376,459,486,475,537,502,306,415,535,498,433,5426,261,368,631,999,1139,892,675,461
Jammu & Kashmir,2009,367,364,514,460,558,503,557,560,563,600,515,451,6012,298,386,676,1178,1240,1023,802,409
Jammu & Kashmir,2010,452,408,553,535,539,539,552,498,470,527,576,493,6142,239,287,699,1173,1265,1099,796,584
Jammu & Kashmir,2011,394,430,500,448,645,657,648,612,610,622,565,534,6665,299,298,681,1424,1458,1244,753,508
Jammu & Kashmir,2012,413,460,531,533,601,631,706,590,555,557,597,463,6637,285,347,642,1306,1444,1420,748,445
Jammu & Kashmir,2013,418,355,464,530,646,617,596,574,542,652,582,479,6455,296,352,612,1109,1371,1275,886,554
Jammu & Kashmir,2014,414,415,424,433,506,594,563,515,415,544,517,438,5778,168,442,693,928,1195,1126,833,393
Jharkhand,2001,83,76,88,95,94,70,79,88,78,81,86,77,995,103,104,117,135,109,120,179,128
Jharkhand,2002,85,41,70,91,80,69,67,80,79,75,68,75,880,101,99,109,100,110,112,138,111
Jharkhand,2003,80,42,72,90,85,70,68,89,69,70,69,76,880,101,110,130,140,135,145,0,119
Jharkhand,2004,116,99,105,122,128,102,73,125,104,106,106,109,1295,151,168,199,175,178,172,85,167
Jharkhand,2005,228,179,295,253,325,236,220,201,165,193,232,212,2739,93,289,405,451,384,516,377,224
Jharkhand,2006,322,379,400,392,335,395,400,324,312,324,359,359,4301,207,322,681,706,741,684,513,447
Jharkhand,2007,429,368,398,393,513,412,310,320,311,363,312,375,4504,250,416,683,702,850,816,521,266
Jharkhand,2008,230,203,225,278,355,333,265,201,276,299,297,297,3259,283,345,414,489,474,472,477,305
Jharkhand,2009,327,342,457,360,478,427,372,340,327,354,374,378,4536,326,446,681,744,658,670,524,487
Jharkhand,2010,252,360,357,351,383,436,365,322,333,353,336,380,4228,247,379,706,766,602,648,557,323
Jharkhand,2011,323,326,338,364,408,356,316,279,287,297,316,291,3901,285,355,585,640,582,581,512,361
Jharkhand,2012,369,374,387,457,364,396,346,355,373,381,391,432,4625,351,494,779,705,542,708,626,420
Jharkhand,2013,449,423,440,427,550,429,440,391,352,406,428,426,5161,645,642,649,640,649,644,644,648
Jharkhand,2014,399,434,418,425,454,414,391,384,341,419,373,453,4905,247,592,703,749,670,847,678,419
Karnataka,2001,2706,2600,2704,2816,3215,2783,2656,2539,2437,2582,2744,3078,32860,2426,2925,3775,5210,4799,5131,4807,3787
Karnataka,2002,2885,2860,2906,2995,3415,2987,2812,2875,2815,2908,2954,3249,35661,2663,3482,4123,5865,5414,5315,5141,3658
Karnataka,2003,3063,2986,2947,2940,3456,3199,2999,2994,3001,3147,3304,3475,37511,2719,3398,4095,5735,5696,6154,5687,4027
Karnataka,2004,3389,3357,3358,3180,3329,3066,3040,2893,3093,3011,3309,3726,38751,2576,3106,4140,5955,5888,6400,6371,4315
Karnataka,2005,3457,3196,3566,3339,4075,3354,3151,3018,3184,3237,3177,3519,40273,2949,3198,4665,6193,6095,6658,6377,4138
Karnataka,2006,3618,3278,3766,3693,4132,3356,3361,3473,3519,3621,3508,3955,43280,3264,3702,4738,6871,6425,6709,6839,4732
Karnataka,2007,3801,3613,3932,4274,4440,3878,3629,3619,3499,3830,3709,4110,46334,3239,3590,5350,7142,7486,7193,7263,5071
Karnataka,2008,4092,3922,4203,4295,4236,3792,3634,3555,3424,3728,3540,3831,46252,3181,3802,5471,6533,7183,7051,7159,5872
Karnataka,2009,3743,3525,3898,3843,4212,3906,3501,3551,3527,3527,3787,4170,45190,3107,3750,5001,6399,6733,7066,7258,5876
Karnataka,2010,4013,3972,4212,4105,4538,3942,3648,3382,3431,3512,3733,3732,46220,3481,5270,5268,6922,6451,6951,7207,4670
Karnataka,2011,3936,3676,3775,3707,4309,3781,3577,3437,3451,3566,3603,3878,44696,3468,3807,4657,6606,6568,7376,7501,4713
Karnataka,2012,3906,3749,3715,3963,3871,3687,3375,3561,3460,3519,3613,4029,44448,3085,2802,4472,6842,6753,7802,7431,5261
Karnataka,2013,3507,3322,3437,3403,3732,3247,2964,2981,3013,3185,3267,3533,39591,3318,3174,4126,6104,5836,6201,6526,4306
Karnataka,2014,3915,3649,3805,3577,4053,3772,3421,3428,3254,3517,3442,3861,43694,3022,3219,4576,6393,6646,7119,7377,5342
Kerala,2001,3199,2935,2972,2912,2887,2829,2845,3012,3060,3048,3247,3493,36439,892,1610,4820,6684,6119,7610,5960,2744
Kerala,2002,3072,2739,2643,3096,3113,2754,2731,2688,2835,2897,2908,3058,34534,669,1187,4685,6397,6322,7579,5296,2399
Kerala,2003,2894,2485,2495,2570,2614,2526,2534,2569,2612,2852,2799,2997,31947,748,1312,3882,6152,4914,7019,5616,2304
Kerala,2004,3661,3393,3477,3411,3239,3306,3164,3334,3399,3532,3425,3762,41103,1439,2124,5143,8107,6328,8252,6534,3176
Kerala,2005,3784,3435,3672,3594,3870,3410,3172,3452,3109,3467,3602,3728,42295,1205,1763,4977,7620,6244,8601,7961,3924
Kerala,2006,3901,3394,3711,3360,3600,3229,3139,3398,3384,3423,3516,3673,41728,1553,1877,4438,7140,6446,8461,7587,4226
Kerala,2007,3758,3459,3529,3481,3667,3145,2793,3107,2935,3207,3211,3569,39861,1501,2486,4064,7433,5865,7854,7083,3575
Kerala,2008,3433,3172,3121,3205,3210,2911,2904,2874,3077,3092,3034,3205,37238,836,1356,4278,6871,6077,8426,6768,2626
Kerala,2009,3142,2933,3072,2877,3133,2967,2745,2851,2707,2910,2959,3161,35457,664,1283,4468,6606,5648,7755,6762,2271
Kerala,2010,3221,2967,3180,3073,3149,2743,2641,2745,2861,2602,2897,3003,35082,892,1271,4127,6328,5380,7838,6864,2382
Kerala,2011,3146,2929,3622,2805,3144,2767,2688,2787,2844,2476,2882,3126,35216,595,1265,5051,6119,6393,8071,6335,1387
Kerala,2012,3262,3039,2960,2942,3159,2866,2848,2929,3025,2960,2991,3193,36174,583,785,3720,6795,6091,8075,7359,2766
Kerala,2013,3251,3023,3090,3113,3231,2712,2595,2772,2788,2728,2789,3123,35215,620,1341,5378,6329,6210,7706,6207,1424
Kerala,2014,3332,2909,3005,2785,3162,2805,2834,2913,2911,2911,2963,3342,35872,759,1232,4145,6709,6057,8172,6114,2684
Lakshadweep,2001,2,0,0,0,0,0,0,0,2,1,1,0,6,0,0,0,1,0,1,1,3
Lakshadweep,2002,0,0,0,0,0,0,0,0,0,0,0,0,0,0,0,0,0,0,0,0,0
Lakshadweep,2003,0,0,0,0,0,0,0,0,0,0,1,0,1,0,0,0,0,0,0,1,0
Lakshadweep,2004,0,1,0,0,0,0,0,0,0,0,1,0,2,0,0,0,0,1,0,1,0
Lakshadweep,2005,0,0,0,0,0,0,0,0,0,0,0,0,0,0,0,0,0,0,0,0,0
Lakshadweep,2006,0,0,0,0,0,0,1,0,0,0,0,0,1,0,0,0,0,0,0,1,0
Lakshadweep,2007,1,0,0,1,0,0,0,0,0,0,0,0,2,0,0,0,1,1,0,0,0
Lakshadweep,2008,0,0,0,0,0,0,0,0,0,0,0,0,0,0,0,0,0,0,0,0,0
Lakshadweep,2009,1,0,0,0,0,0,0,0,0,0,0,0,1,1,0,0,0,0,0,0,0
Lakshadweep,2010,0,0,0,0,0,0,0,0,0,0,0,0,0,0,0,0,0,0,0,0,0
Lakshadweep,2011,0,0,0,0,0,0,0,0,0,0,0,0,0,0,0,0,0,0,0,0,0
Lakshadweep,2012,0,0,0,0,0,0,0,0,0,0,0,0,0,0,0,0,0,0,0,0,0
Lakshadweep,2013,0,0,0,0,0,0,0,0,0,0,0,0,0,0,0,0,0,0,0,0,0
Lakshadweep,2014,0,0,0,0,0,0,0,0,0,1,0,0,1,0,0,0,0,1,0,0,0
Madhya Pradesh,2001,1726,1584,1764,1728,1980,1649,1428,1372,1544,1650,1711,1576,19712,1418,1740,2938,3323,2906,2875,2744,1768
Madhya Pradesh,2002,1873,1871,1921,1894,2278,1987,1776,1649,1656,1927,2088,1959,22879,1467,2182,3107,3801,3325,3323,3340,2334
Madhya Pradesh,2003,1927,1763,1891,1965,2191,2064,1779,1693,1644,1923,1886,1890,22616,1872,2165,3138,3798,3397,3128,2896,2222
Madhya Pradesh,2004,2104,2048,2002,2166,2100,1970,1868,1672,1856,2039,1882,1884,23591,1443,1828,3043,4301,3657,3734,3367,2218
Madhya Pradesh,2005,1768,1797,1830,1771,2271,1931,1601,1637,1553,1902,1749,1664,21474,1504,1770,2906,3504,3504,3245,3012,2029
Madhya Pradesh,2006,2180,1967,2144,2278,2516,2159,1929,1723,1859,2050,2211,2022,25038,1652,1719,3541,4160,4198,3875,3522,2371
Madhya Pradesh,2007,2490,2288,2409,2776,2690,2482,2114,2080,2161,2323,2384,2247,28444,1867,1927,3574,4901,4971,4345,3964,2895
Madhya Pradesh,2008,3037,2883,2917,3250,3126,2718,2699,3223,2564,2958,2449,2492,34316,2307,2370,4316,5946,5873,5516,4808,3180
Madhya Pradesh,2009,2851,2742,2723,2822,3119,2742,2449,2335,2510,2829,2549,2661,32332,2275,2408,3807,5467,4996,5157,4896,3326
Madhya Pradesh,2010,2503,2494,2435,2548,2890,2682,2428,2245,2226,2583,2635,2458,30127,1970,2125,3344,4994,4766,4686,4888,3354
Madhya Pradesh,2011,2892,2547,2722,2564,3111,2533,2370,2220,2128,2544,2526,2416,30573,2083,2248,3698,4833,4896,4999,4463,3353
Madhya Pradesh,2012,2618,2475,2413,2799,2841,2631,2146,1992,2103,2420,2522,2213,29173,1664,1873,3785,5082,4969,5035,4240,2525
Madhya Pradesh,2013,2959,2801,2953,2952,3778,3026,2535,2448,2587,2741,2621,2633,34034,1747,2126,3874,6025,5688,5991,5282,3301
Madhya Pradesh,2014,3375,3154,3470,3345,4107,3637,3104,2951,2946,3261,3288,3060,39698,1925,2384,5370,7106,7337,7030,5791,2755
Maharashtra,2001,3162,3015,3272,3332,3671,3179,2781,2755,2772,3024,3057,3249,37269,3483,3893,3986,5088,5099,5185,5335,5200
Maharashtra,2002,3424,3087,3506,3538,3970,3273,3036,2960,2881,3225,3197,3464,39561,3411,3412,4533,5744,5622,5812,5796,5231
Maharashtra,2003,3699,3373,3234,3430,3998,3584,3421,3537,3494,3774,3651,3827,43022,3698,4029,4966,5926,6287,6261,6494,5361
Maharashtra,2004,3928,3713,3677,3714,4289,3811,3430,3262,3474,3605,3693,3943,44539,4082,4352,5077,6115,6380,6559,6542,5432
Maharashtra,2005,4078,3694,3832,3877,4637,4126,3564,3410,3456,3794,3933,4185,46586,4140,4207,5212,6631,6737,6760,7058,5841
Maharashtra,2006,4062,3741,4129,4271,4881,4194,3705,3497,3705,4197,4084,4421,48887,4653,4724,5569,6498,6735,7013,7393,6302
Maharashtra,2007,4572,4318,4481,4795,5206,4400,3839,3850,3784,4090,4349,4291,51975,5132,4797,5580,7168,7385,7378,7714,6821
Maharashtra,2008,4376,4260,4479,4839,4726,4096,3738,3588,3560,3886,3854,4277,49679,4349,4633,5669,6911,7019,7070,7610,6418
Maharashtra,2009,4126,4024,4199,4373,4691,4097,3531,3737,3921,3916,3895,4355,48865,4400,4469,5451,6974,6718,7046,7592,6215
Maharashtra,2010,4383,4036,4314,4401,4861,4393,3925,3679,3938,4049,4226,4414,50619,4324,4585,5658,7050,7233,7583,7836,6350
Maharashtra,2011,4332,4052,4155,3928,4675,3976,3674,3439,3520,3511,3732,4126,47120,4334,4739,5489,6610,6677,7048,6883,5340
Maharashtra,2012,4110,3760,3896,4031,4071,3865,3539,3384,3374,3508,3523,4186,45247,4125,4655,5239,6093,6176,6857,6668,5434
Maharashtra,2013,4013,3689,3978,3798,4460,3653,3215,3081,3206,3304,3434,4032,43863,3647,3649,4822,5901,6211,6727,7368,5538
Maharashtra,2014,3978,3714,3920,3847,4258,3784,3546,3450,3298,3291,3478,3818,44382,3376,3330,4853,6430,6522,7126,7421,5324
Manipur,2001,39,31,40,48,40,14,21,26,38,41,31,41,410,0,7,82,111,87,87,34,2
Manipur,2002,51,49,44,37,41,36,50,42,42,49,39,40,520,0,0,65,161,126,142,21,5
Manipur,2003,43,40,48,43,42,44,49,48,36,44,45,41,523,1,18,73,136,92,134,56,13
Manipur,2004,34,43,41,42,40,42,20,37,36,30,45,58,468,0,10,50,129,86,115,64,14
Manipur,2005,55,57,58,48,50,45,45,38,51,47,51,55,600,13,26,89,110,113,115,103,31
Manipur,2006,50,45,51,44,44,26,36,37,35,43,61,49,521,7,27,69,129,114,89,68,18
Manipur,2007,47,46,57,51,44,42,35,31,44,44,38,59,538,6,27,70,146,125,89,57,18
Manipur,2008,56,41,39,39,34,46,32,31,45,48,42,49,502,11,26,99,134,100,79,41,12
Manipur,2009,40,54,51,41,39,39,58,37,45,58,57,59,578,14,24,113,83,93,138,75,38
Manipur,2010,74,46,49,46,41,30,44,37,54,57,62,62,602,27,47,75,124,130,116,59,24
Manipur,2011,64,66,62,63,52,58,55,54,52,50,59,56,691,26,52,91,123,153,107,105,34
Manipur,2012,67,70,64,69,57,72,62,60,58,64,58,70,771,54,75,96,143,126,121,100,56
Manipur,2013,59,46,57,58,45,46,39,40,63,67,67,84,671,7,13,64,102,190,142,124,29
Manipur,2014,61,59,66,59,62,49,49,53,73,72,59,73,735,7,8,47,162,148,173,141,49
Meghalaya,2001,11,15,13,20,12,11,15,12,9,21,12,10,161,10,11,21,27,26,25,28,13
Meghalaya,2002,31,26,43,40,39,31,28,33,43,56,51,44,465,32,37,57,84,63,74,77,41
Meghalaya,2003,33,31,31,31,34,37,33,32,26,27,29,29,373,43,44,50,54,54,49,41,38
Meghalaya,2004,22,21,29,24,31,21,27,30,32,43,28,20,328,27,39,41,52,40,59,32,38
Meghalaya,2005,38,30,38,18,27,26,23,25,25,33,17,30,330,12,29,42,55,52,50,56,34
Meghalaya,2006,16,10,17,10,14,16,10,21,15,18,13,16,176,4,2,24,22,29,37,36,22
Meghalaya,2007,19,19,13,13,12,10,13,9,18,5,15,11,157,3,5,15,16,15,24,24,55
Meghalaya,2008,13,9,21,25,24,16,11,18,12,12,15,15,191,11,17,23,22,31,26,22,39
Meghalaya,2009,28,24,36,24,37,23,19,23,18,25,19,38,314,17,16,37,48,55,53,48,40
Meghalaya,2010,23,22,31,24,20,23,20,20,20,14,19,21,257,17,21,25,39,49,43,32,31
Meghalaya,2011,24,25,33,18,20,20,30,22,12,25,13,19,261,10,22,37,38,42,47,39,26
Meghalaya,2012,33,31,28,38,30,31,29,61,22,25,14,13,355,25,29,45,61,60,59,39,37
Meghalaya,2013,20,24,20,14,20,21,16,9,11,14,13,12,194,7,17,21,23,29,28,38,31
Meghalaya,2014,30,27,20,25,27,28,29,24,26,22,19,24,301,10,19,30,45,59,55,50,33
Mizoram,2001,7,5,9,4,9,5,8,7,4,3,5,6,72,5,5,10,12,11,9,14,6
Mizoram,2002,6,0,4,9,3,2,2,4,3,0,2,6,41,1,5,4,9,8,4,3,7
Mizoram,2003,5,8,3,5,8,5,6,5,4,3,9,10,71,8,6,8,8,13,8,9,11
Mizoram,2004,6,0,4,8,3,2,2,2,3,0,2,6,38,2,5,4,6,7,4,3,7
Mizoram,2005,12,8,4,3,2,3,2,5,5,5,7,15,71,3,2,5,9,15,18,16,3
Mizoram,2006,11,4,7,6,6,5,2,6,3,3,9,10,72,3,9,7,10,7,13,13,10
Mizoram,2007,4,4,4,4,3,5,10,7,3,2,4,2,52,1,1,3,9,14,15,8,1
Mizoram,2008,6,7,8,7,6,9,8,5,5,6,12,8,87,12,9,9,12,9,12,16,8
Mizoram,2009,8,4,6,1,3,8,7,7,7,5,8,7,71,9,7,9,4,7,4,16,15
Mizoram,2010,14,18,20,8,13,9,6,6,9,6,8,8,125,14,13,24,12,13,16,20,13
Mizoram,2011,8,5,14,3,13,3,9,4,5,8,10,15,97,5,3,10,9,8,24,20,18
Mizoram,2012,7,10,7,6,8,2,20,4,12,13,6,15,110,2,11,16,26,15,24,9,7
Mizoram,2013,11,7,18,14,9,8,10,8,6,8,7,8,114,4,5,9,17,16,26,20,17
Mizoram,2014,10,6,15,10,11,4,10,5,6,3,7,8,95,5,12,11,9,11,20,15,12
Nagaland,2001,4,5,7,9,6,8,5,2,4,3,1,6,60,0,1,3,3,9,21,19,4
Nagaland,2002,5,1,1,3,3,4,2,1,3,2,2,7,34,2,4,4,7,4,9,3,1
Nagaland,2003,4,8,4,8,5,4,5,3,2,4,5,4,56,1,2,8,11,7,11,13,3
Nagaland,2004,7,8,5,7,0,3,12,6,3,7,6,4,68,3,2,7,17,9,15,11,4
Nagaland,2005,1,8,5,4,0,8,4,5,3,10,2,3,53,3,1,6,12,13,9,7,2
Nagaland,2006,7,6,8,7,6,9,6,6,5,5,4,8,77,4,5,10,17,10,15,11,5
Nagaland,2007,7,7,10,7,7,4,6,6,1,8,3,9,75,4,2,13,15,18,6,10,7
Nagaland,2008,8,10,12,8,10,13,16,3,10,10,12,14,126,0,2,12,18,28,28,26,12
Nagaland,2009,3,4,3,1,5,6,8,4,1,7,1,4,47,1,2,7,5,11,10,3,8
Nagaland,2010,10,10,2,1,2,6,1,5,2,3,1,1,44,0,1,6,4,13,9,3,8
Nagaland,2011,3,3,7,3,4,2,1,0,2,4,2,1,32,2,4,2,4,6,8,3,3
Nagaland,2012,5,4,4,4,4,4,1,1,3,3,5,4,42,6,0,3,4,7,6,7,9
Nagaland,2013,4,6,2,3,2,4,3,6,4,3,2,0,39,0,2,5,7,10,5,6,4
Nagaland,2014,3,2,2,4,2,0,1,3,0,4,0,7,28,0,2,3,3,8,6,5,1
Odisha,2001,573,546,575,593,631,528,449,460,502,486,555,508,6406,517,811,1153,1005,797,781,715,627
Odisha,2002,563,520,643,595,656,592,559,495,518,568,554,587,6850,480,722,1086,1132,933,941,921,635
Odisha,2003,558,583,594,573,619,567,566,493,500,510,530,582,6675,427,949,1113,1020,756,863,900,647
Odisha,2004,649,611,684,578,636,624,548,476,577,579,627,689,7278,506,805,943,1126,844,1168,1097,789
Odisha,2005,670,684,684,679,820,594,609,544,546,538,633,592,7593,478,810,1002,1317,981,1251,1127,627
Odisha,2006,831,614,702,651,700,651,599,522,533,534,600,792,7729,547,999,986,1259,932,1230,1038,738
Odisha,2007,835,573,722,719,720,638,671,573,569,696,719,779,8214,632,904,1065,1454,951,1324,1060,824
Odisha,2008,752,716,771,794,784,651,644,570,577,600,598,727,8184,595,858,1076,1371,1075,1371,1033,805
Odisha,2009,767,756,745,740,776,846,582,675,685,702,763,855,8892,608,836,1046,1501,1218,1433,1313,937
Odisha,2010,860,804,827,729,886,816,728,719,698,745,778,823,9413,724,928,1031,1504,1349,1492,1416,969
Odisha,2011,841,807,890,779,932,825,763,711,547,710,736,857,9398,756,1015,1043,1442,1179,1516,1390,1057
Odisha,2012,811,745,839,781,818,786,756,671,665,727,755,931,9285,978,1289,950,1189,1096,1261,1509,1013
Odisha,2013,911,806,912,765,999,809,757,677,707,619,799,919,9680,780,1029,1100,1452,1188,1520,1518,1093
Odisha,2014,896,826,851,726,852,828,756,693,660,776,854,922,9640,661,880,1099,1413,1283,1651,1564,1089
Puducherry,2001,109,89,122,107,122,106,107,107,97,105,111,104,1286,24,53,141,263,236,255,235,79
Puducherry,2002,101,110,131,121,126,140,141,128,120,131,111,124,1484,36,44,164,268,264,283,275,150
Puducherry,2003,103,122,142,123,138,131,133,156,147,134,114,143,1586,40,44,212,302,256,285,290,157
Puducherry,2004,137,139,143,126,127,124,145,146,144,161,114,127,1633,48,53,206,263,277,309,325,152
Puducherry,2005,152,164,150,153,138,145,162,159,148,143,121,145,1780,57,81,234,271,284,302,390,161
Puducherry,2006,120,124,166,125,148,132,125,161,151,130,122,135,1639,31,18,146,331,312,285,314,202
Puducherry,2007,149,126,157,165,138,153,152,139,156,131,149,129,1744,51,72,250,312,262,301,355,141
Puducherry,2008,127,145,152,153,162,151,142,154,136,155,91,130,1698,53,49,189,266,270,287,360,224
Puducherry,2009,148,130,153,148,155,147,126,135,146,160,126,124,1698,41,48,232,264,257,295,340,221
Puducherry,2010,114,132,132,119,126,141,151,127,130,139,104,114,1529,43,61,155,251,238,272,319,190
Puducherry,2011,122,105,119,112,116,109,137,144,140,149,117,110,1480,38,66,174,234,246,285,307,130
Puducherry,2012,128,125,159,103,133,131,126,119,115,124,119,128,1510,35,66,209,276,202,229,319,174
Puducherry,2013,102,108,120,139,127,128,126,125,134,129,106,107,1451,31,58,162,207,225,267,336,165
Puducherry,2014,44,64,65,46,59,57,60,58,62,75,44,37,671,28,23,58,109,97,179,115,62
Punjab,2001,130,160,162,159,154,135,146,144,135,165,156,162,1808,167,185,219,271,233,252,285,196
Punjab,2002,130,128,122,115,110,130,138,123,134,118,133,127,1508,163,170,185,197,191,196,205,201
Punjab,2003,101,85,107,124,135,142,149,152,147,167,151,143,1603,140,199,207,221,167,202,247,220
Punjab,2004,167,181,163,162,160,163,166,160,195,188,170,161,2036,189,248,250,270,222,273,333,251
Punjab,2005,115,196,175,159,167,157,243,151,181,178,210,220,2152,200,262,264,285,235,289,352,265
Punjab,2006,185,182,165,163,182,200,173,187,207,211,187,209,2251,209,164,278,360,264,325,404,247
Punjab,2007,211,179,192,180,187,190,183,203,232,213,214,207,2391,192,217,329,361,291,324,408,269
Punjab,2008,230,191,176,224,197,191,190,177,184,225,221,188,2394,181,267,344,337,256,322,436,251
Punjab,2009,225,237,214,221,191,238,209,206,217,236,256,234,2684,197,282,394,369,298,385,489,270
Punjab,2010,219,195,209,219,200,200,201,187,180,196,214,219,2439,205,280,347,380,255,327,418,227
Punjab,2011,517,602,531,536,510,521,522,536,491,585,572,573,6496,379,582,896,979,861,922,1266,611
Punjab,2012,525,550,529,527,502,535,505,480,483,519,610,563,6328,349,537,824,887,866,1089,1091,685
Punjab,2013,503,464,555,552,533,487,467,458,482,573,665,584,6323,368,575,722,840,816,980,1309,713
Punjab,2014,495,493,555,524,563,535,491,519,489,568,595,564,6391,387,392,683,842,943,998,1380,766
Rajasthan,2001,1733,1678,1755,1750,1937,1778,1485,1606,1562,1626,1583,1506,19999,1390,2344,2880,2895,3024,3170,2690,1606
Rajasthan,2002,1506,1567,1707,1738,1978,1878,1747,1632,1836,1716,1696,1570,20571,1419,1996,2657,3190,2906,3372,3087,1944
Rajasthan,2003,1795,1664,1707,1762,2101,1967,1837,1779,1840,1977,1907,1597,21933,1359,1768,3264,3709,3236,3615,3013,1969
Rajasthan,2004,1933,1939,1999,2124,2161,2021,1815,1697,1944,1889,2057,1664,23243,1263,1841,3134,3808,3282,3999,3818,2098
Rajasthan,2005,1804,1715,1971,1964,2429,2123,1920,1844,1843,1920,2055,1527,23115,1271,1895,3243,3645,3559,3792,3721,1989
Rajasthan,2006,1948,1926,2052,2110,2438,1998,1901,1726,1776,1984,1855,1634,23348,1171,1634,2874,3814,3795,4159,3948,1953
Rajasthan,2007,2051,1918,2054,2252,2270,1931,1822,1935,1945,2018,2084,1605,23885,1359,1735,3078,4064,3672,3658,3698,2621
Rajasthan,2008,2020,1935,1872,2111,2243,1936,1856,1829,2132,2135,2055,1580,23704,1399,1654,3048,3670,3630,3875,3775,2653
Rajasthan,2009,1983,2014,2172,2235,2438,2285,2026,2033,2084,2121,2011,1712,25114,1426,1825,2933,3666,3908,4291,4389,2676
Rajasthan,2010,2074,2024,2138,2140,2298,2163,1974,1799,1782,1961,2090,1859,24302,1558,1869,2862,3391,3793,4335,4133,2361
Rajasthan,2011,2045,1881,2006,1986,2341,2026,1859,1821,1815,1906,1957,1602,23245,1358,2152,2576,3216,3693,4125,3913,2212
Rajasthan,2012,2048,1914,1972,1978,2116,2043,1972,1773,1670,1873,1913,1697,22969,1094,1729,2589,3434,3709,4191,3912,2311
Rajasthan,2013,2034,1821,1963,2046,2305,2109,1822,1679,1944,2013,2095,1755,23586,1061,1519,2638,3867,3863,4281,4143,2214
Rajasthan,2014,2143,1951,2130,2053,2484,2213,1976,1888,1839,2035,2104,1823,24639,1128,1428,2622,3706,4234,4841,4215,2465
Sikkim,2001,9,1,6,5,3,5,0,6,6,5,7,2,55,0,2,11,8,15,6,10,3
Sikkim,2002,43,23,50,11,34,40,29,17,25,24,24,31,351,0,0,169,0,126,0,56,0
Sikkim,2003,10,10,8,11,16,16,8,13,8,7,11,13,131,0,0,14,24,14,35,37,7
Sikkim,2004,8,15,12,8,15,22,11,7,11,25,11,14,159,0,12,18,24,34,31,33,7
Sikkim,2005,10,19,13,15,17,16,8,23,12,21,20,15,189,5,11,35,32,29,42,20,15
Sikkim,2006,4,5,6,1,3,1,3,3,1,3,6,3,39,1,5,6,3,8,8,5,3
Sikkim,2007,10,7,21,7,12,12,10,12,8,16,12,23,150,6,3,19,25,39,34,16,8
Sikkim,2008,13,28,16,10,8,13,6,26,13,26,25,12,196,6,19,26,34,46,30,22,13
Sikkim,2009,57,39,28,100,43,47,29,41,46,34,50,50,564,49,56,58,107,87,127,51,29
Sikkim,2010,16,17,18,19,11,18,15,11,18,10,21,12,186,6,10,18,38,19,28,28,39
Sikkim,2011,17,9,22,19,3,7,11,8,8,12,6,7,129,10,12,17,19,16,17,21,17
Sikkim,2012,14,7,8,10,9,15,10,11,10,12,10,7,123,0,18,12,20,8,11,27,27
Sikkim,2013,16,17,33,24,24,17,18,21,17,20,16,21,244,5,9,21,29,77,62,38,3
Sikkim,2014,9,6,15,13,13,11,14,11,19,6,9,4,130,6,8,15,17,12,27,29,16
Tamil Nadu,2001,4174,4264,4724,4442,4465,4453,4370,4437,4378,3985,4261,4025,51978,4020,4672,7280,7775,7770,7887,7495,5079
Tamil Nadu,2002,4326,4300,4703,4788,4935,4609,4434,4523,4500,4273,3883,4229,53503,5060,4939,7072,7806,7269,8181,7530,5646
Tamil Nadu,2003,4278,4114,4341,3928,4244,4378,4177,4337,4555,4397,3973,4303,51025,4174,4805,6660,7648,6944,7809,7246,5739
Tamil Nadu,2004,4160,4252,4457,4421,4540,4495,4373,4696,4506,4282,4136,4190,52508,3857,4660,6556,8099,7545,8098,7791,5902
Tamil Nadu,2005,9062,8705,9205,9006,9330,5691,4235,4158,4450,4082,3601,3955,75480,6020,6545,8236,14568,11089,13789,8765,6468
Tamil Nadu,2006,4435,4322,4781,4808,5082,5029,4365,4891,4575,4320,4007,4530,55145,5180,6046,6784,7200,7241,7997,7896,6801
Tamil Nadu,2007,4855,4527,4911,5348,5414,4978,4841,5320,4850,4758,4730,4585,59117,5773,4850,5948,6938,8175,9777,9690,7966
Tamil Nadu,2008,4962,4626,5018,5465,5532,5087,4947,5436,4956,4862,4833,4685,60409,5898,4956,6078,7090,8354,9991,9902,8140
Tamil Nadu,2009,4950,4802,4927,4956,5406,5241,4975,5227,5332,5288,4723,4967,60794,4201,4520,7118,8662,8749,10262,6918,10364
Tamil Nadu,2010,5498,5199,5727,5663,6027,5393,5221,5367,5349,5426,5179,4947,64996,3376,5141,7896,9021,9526,10756,11881,7399
Tamil Nadu,2011,5522,5228,5821,5461,6018,5879,5706,5162,5688,5107,4937,5344,65873,3716,4915,7542,9319,9579,11485,11915,7402
Tamil Nadu,2012,5868,5646,5813,5819,5896,5646,5688,5815,5283,5444,5367,5472,67757,3199,4560,8241,9490,9806,11905,13020,7536
Tamil Nadu,2013,5881,5337,5741,5599,5914,5593,5311,5470,5597,5313,5268,5214,66238,2796,4047,7503,9515,10014,11761,13330,7272
Tamil Nadu,2014,5658,5293,5824,5303,5711,5915,5719,5936,5777,5516,5036,5562,67250,2685,4057,7973,9593,9955,11902,13927,7158
Tripura,2001,53,52,63,44,36,55,50,37,36,41,35,42,544,4,8,79,198,106,119,22,8
Tripura,2002,47,38,56,44,60,54,65,51,54,42,59,54,624,0,0,84,164,82,122,113,59
Tripura,2003,73,51,51,45,57,52,61,51,60,64,61,50,676,1,1,99,174,152,163,73,13
Tripura,2004,49,42,57,44,56,58,54,53,39,63,66,64,645,0,10,112,159,106,130,88,40
Tripura,2005,57,55,53,42,54,65,52,54,59,61,48,62,662,11,3,90,185,142,145,76,10
Tripura,2006,70,50,62,67,74,52,69,55,68,73,80,73,793,12,34,191,219,184,90,42,21
Tripura,2007,59,85,70,66,69,67,51,58,71,60,58,87,801,7,5,165,199,213,132,59,21
Tripura,2008,51,56,66,70,72,55,64,74,78,65,57,59,767,17,26,78,187,166,143,114,36
Tripura,2009,68,93,78,61,77,63,55,76,65,63,72,94,865,10,13,101,179,185,215,105,57
Tripura,2010,76,66,81,77,65,68,72,77,86,72,83,78,901,8,17,113,205,175,183,130,70
Tripura,2011,85,57,81,64,55,67,54,72,50,78,79,92,834,4,13,88,157,194,183,141,54
Tripura,2012,83,85,69,72,82,66,65,70,75,76,64,81,888,10,18,88,195,160,205,147,65
Tripura,2013,66,50,63,72,64,70,69,61,68,76,81,78,818,20,22,92,174,122,176,151,61
Tripura,2014,65,74,81,63,72,46,64,53,54,60,38,46,716,15,21,53,199,123,161,96,48
Uttar Pradesh,2001,1695,1737,1652,1663,1733,1027,1310,1478,1626,1439,1231,1330,17921,2324,3659,2336,2243,1971,2075,2002,1311
Uttar Pradesh,2002,1237,1164,1270,1194,1349,1363,1169,1113,1099,1100,1233,1166,14457,1444,1716,1440,2197,2015,2098,2072,1475
Uttar Pradesh,2003,1049,955,911,868,996,908,873,815,794,938,1065,1182,11354,1087,1322,1764,1721,1365,1448,1497,1150
Uttar Pradesh,2004,1309,1309,1285,1004,1174,1062,1093,1227,1164,1201,1198,1348,14374,1262,1645,1970,2000,1838,1933,2072,1654
Uttar Pradesh,2005,1266,1220,1334,1114,1422,1302,1182,1251,1080,1107,1153,1258,14689,1226,1598,2145,2233,1956,2052,1951,1528
Uttar Pradesh,2006,1608,1605,1389,1160,1280,1343,1201,1252,1226,1204,1227,1712,16207,1860,1731,2252,2506,1951,2189,2035,1683
Uttar Pradesh,2007,1647,1570,1568,1495,1511,1461,1443,1392,1394,1393,1514,1643,18031,1615,1793,2790,2835,2282,2509,2351,1856
Uttar Pradesh,2008,1799,1624,1664,1555,1478,1483,1528,1411,1489,1569,1631,1833,19064,1791,2236,2572,2723,2467,2672,2592,2011
Uttar Pradesh,2009,2010,1758,1834,1802,1912,1747,1683,1754,1694,1791,2071,1929,21985,2219,2894,1338,3478,2989,3074,3404,2589
Uttar Pradesh,2010,2213,2123,2284,2060,2171,2320,2022,1914,1862,1929,2131,2387,25416,2232,2924,3602,3588,3208,3194,3573,3095
Uttar Pradesh,2011,2045,2088,2145,1905,2178,2189,1842,1948,1879,1909,2150,2235,24513,2096,3012,3009,3501,3137,3450,3617,2691
Uttar Pradesh,2012,2101,2030,2100,2066,2380,2167,2037,1759,1670,1803,2055,2310,24478,1994,2708,3424,3600,3128,3619,3620,2385
Uttar Pradesh,2013,2290,2150,2235,2225,2554,2227,2035,1951,1871,1922,2149,2366,25975,2134,2796,3604,3861,3469,3674,3883,2554
Uttar Pradesh,2014,2550,2311,2217,2067,2265,2209,2086,2017,1824,2023,2170,2325,26064,2106,2824,3376,3547,3522,3929,4099,2661
Uttarakhand,2001,78,88,83,74,94,84,86,81,82,74,84,95,1003,94,152,138,130,124,118,141,106
Uttarakhand,2002,87,76,79,106,111,121,85,97,68,94,96,97,1117,33,65,153,231,222,240,104,69
Uttarakhand,2003,80,87,78,91,120,106,113,106,84,105,106,110,1186,47,40,143,259,264,194,156,83
Uttarakhand,2004,113,99,103,97,115,122,110,81,81,105,114,112,1252,49,38,152,214,247,281,178,93
Uttarakhand,2005,120,94,96,89,129,141,106,93,112,99,124,129,1332,36,45,146,234,268,252,228,123
Uttarakhand,2006,108,118,149,124,100,116,124,115,110,135,116,146,1461,39,44,187,245,268,299,238,141
Uttarakhand,2007,133,116,124,134,148,136,119,118,131,104,116,143,1522,42,53,226,303,336,241,197,124
Uttarakhand,2008,138,126,138,119,133,125,143,73,81,108,116,109,1409,73,86,173,209,237,271,213,147
Uttarakhand,2009,99,112,101,134,115,137,124,101,91,99,133,137,1383,47,67,210,254,234,284,186,101
Uttarakhand,2010,86,108,128,127,125,145,148,128,95,129,136,124,1479,51,107,179,214,275,308,202,143
Uttarakhand,2011,114,118,119,124,135,133,112,100,115,125,149,151,1495,35,43,183,288,280,288,241,137
Uttarakhand,2012,112,152,122,137,127,138,108,123,82,118,125,111,1455,36,80,171,283,205,275,308,97
Uttarakhand,2013,84,91,118,102,167,120,94,81,104,112,97,127,1297,39,67,191,222,191,230,235,122
Uttarakhand,2014,58,43,65,64,77,62,61,72,69,83,76,71,801,61,81,95,122,117,137,113,75
West Bengal,2001,897,908,948,1039,952,972,915,990,953,823,935,1098,11430,832,1161,1372,1862,1759,1677,1808,959
West Bengal,2002,894,932,942,1041,911,854,915,919,922,961,940,1006,11237,776,1240,1461,1907,1782,1497,1549,1025
West Bengal,2003,916,930,1084,975,909,980,1054,934,945,823,842,983,11375,726,1182,1442,1989,1726,1644,1624,1042
West Bengal,2004,1044,1001,1197,1085,1086,1043,964,900,869,977,898,1088,12152,1117,1388,1582,2061,1774,1848,1258,1124
West Bengal,2005,1036,1061,1084,1035,1096,1049,998,926,887,975,979,1055,12181,1067,1284,1626,2005,1709,1846,1629,1015
West Bengal,2006,1112,1093,1187,1053,1124,1153,1011,1105,1009,1026,1081,1131,13085,1143,1470,1772,2033,1897,1929,1825,1016
West Bengal,2007,1134,1051,1275,1240,1157,1269,1176,1050,1165,1133,1068,1236,13954,1203,1567,1621,2179,2106,2201,1752,1325
West Bengal,2008,974,919,1097,1013,1069,1000,875,924,908,941,880,947,11547,888,1150,1600,1960,1756,1689,1554,950
West Bengal,2009,1231,1150,1183,1101,1158,1180,1162,1104,1171,1161,1176,1182,13959,942,1353,1771,2427,2158,2256,1791,1261
West Bengal,2010,1245,1150,1349,1246,1172,1284,1231,1190,1128,1227,1251,1252,14725,1241,1397,1721,2508,2272,2296,1831,1459
West Bengal,2011,1350,1179,1314,1148,1220,1241,1185,1074,1112,1214,1161,1270,14468,1200,1493,1687,2553,2182,2196,1812,1345
West Bengal,2012,1346,1383,1357,1270,1352,1434,1349,1204,1112,1251,1179,1371,15608,1346,1511,1837,2831,2328,2268,1966,1521
West Bengal,2013,1564,1382,1474,1392,1629,1391,1315,1208,1228,1299,1335,1332,16549,1442,1911,2136,2900,2246,2366,2137,1411
West Bengal,2014,1516,1398,1473,1385,1527,1439,1416,1356,1391,1395,1415,1394,17105,1455,1634,2022,2998,2570,2458,2132,1836
